genre,mea0,std0,min0,max0,skw0,kur0,mea1,std1,min1,max1,skw1,kur1,mea2,std2,min2,max2,skw2,kur2,mea3,std3,min3,max3,skw3,kur3,mea4,std4,min4,max4,skw4,kur4,mea5,std5,min5,max5,skw5,kur5,mea6,std6,min6,max6,skw6,kur6,mea7,std7,min7,max7,skw7,kur7,mea8,std8,min8,max8,skw8,kur8,mea9,std9,min9,max9,skw9,kur9,mea10,std10,min10,max10,skw10,kur10,mea11,std11,min11,max11,skw11,kur11
classical,33.7405450933873,17.4061960424656,-96.0092620849609,83.2760314941406,-0.705123362494759,4.08548768901887,22.8159524078547,5.10219183028721,7.02569484710693,38.1555633544922,0.266826819277934,-0.460547777230914,9.81528345859732,2.7381961788469,1.07778906822205,18.0534038543701,-0.029286911612948,-0.079090795931228,-6.45439689735966,2.82344010252197,-16.1931076049805,-0.439789801836014,-0.286446204152495,-0.223615152563852,7.56430752917933,3.18704104826202,-1.12311947345734,17.1692581176758,0.254297378975023,-0.164716546732725,-8.53184697118913,3.30279454330793,-20.0548801422119,-1.15006172657013,-0.2910176883588,-0.328365709428769,5.46346417145071,2.67459047090962,-1.85929560661316,14.3196315765381,0.229394801930239,-0.116863374799865,-5.71088122587994,1.95386462221006,-11.6514978408813,-0.015429737046361,0.03617627552177,-0.32787929223492,3.71728796369093,1.90076931700351,-2.89951491355896,8.65744113922119,-0.12461225825346,-0.148684341122181,-2.74499802711629,2.19267603844926,-10.8508033752441,5.30177927017212,0.272496626491643,0.679258030621677,4.3128103338445,1.90638483250911,-3.56453156471252,10.2087135314941,-0.312769212269845,0.376399765645187,-3.59598628889939,1.63532473595659,-9.0257511138916,1.73041462898254,0.114757656504758,0.424690084341949
classical,21.1832897457966,15.7929132064777,-73.2130355834961,62.5967140197754,-0.47088006283564,1.20769473504424,22.7521395772002,5.58701232174882,10.0523548126221,42.5365524291992,0.222419936048364,-0.347992322628512,11.230400298917,2.86268563526055,1.87816262245178,19.1271629333496,-0.100810677450286,0.057977075232679,-5.11673307750851,2.94982408518456,-14.9987955093384,1.93626964092255,-0.328534170804949,0.125285677230103,7.93649159156999,3.25617455825703,0.646328389644623,18.9239253997803,0.418718528297187,-0.107088290799245,-8.23058562213772,3.23943221352734,-18.3255138397217,0.591628968715668,-0.215772564969304,-0.099073743868897,4.1809049065815,3.25502001138264,-3.14171981811523,14.4710397720337,0.348700287478211,-0.31979445773175,-6.26415582429618,2.32026782613684,-12.8517951965332,-0.046674612909556,0.14430204704023,-0.565740175022993,4.01476443076809,1.90232058784776,-1.46272742748261,10.0414180755615,0.071454263268132,-0.162412195130611,-3.41424641905374,1.97592556233692,-9.18517780303955,4.25021839141846,0.121467792947659,0.480503118637769,4.81786492346504,1.76390749087056,-1.26201236248016,9.77389335632324,-0.173406132117932,0.103660477615302,-4.01800502588063,1.40121712832972,-7.73669624328613,1.88774824142456,0.153623196474753,0.075157984613345
classical,43.1309914321855,13.5321939885021,-69.9927368164063,76.792236328125,-0.817903383693011,5.23771067777024,22.0080812058065,4.81853929969032,11.1508674621582,37.0533409118652,0.343704247771759,-0.347320222113682,9.5376953801864,2.56958748907051,1.83307778835297,18.141637802124,0.189717563937312,-0.003981752919567,-5.9172279054349,2.72087006347105,-14.7347011566162,0.52933657169342,-0.137713325682706,-0.360876562120228,8.25569466643183,3.01187478821606,1.76218795776367,18.7075595855713,0.451357705705209,-0.13061507383226,-8.06555228514321,3.08289838228536,-20.5013828277588,-0.963096022605896,-0.377779697421068,0.275575339287655,5.35132825576579,2.77848242746909,-1.74344146251678,14.4661102294922,0.282044113866123,-0.006559213796852,-5.58333424390962,1.89353529741843,-12.3718223571777,-0.97430294752121,-0.186767039164561,-0.105151857939813,3.95855433747005,1.87966531645288,-1.79959893226624,8.94687366485596,-0.060984479619326,-0.172484163565784,-2.52128183293613,1.91073659518346,-8.36409664154053,4.89641094207764,0.459117477549201,0.592667696110475,4.4914199011433,1.72490335013719,-1.87632668018341,8.74949550628662,-0.520197184825815,0.515665870536153,-3.2750376953788,1.39998161717167,-7.90586853027344,1.52834522724152,0.265529618461408,0.321332026139903
classical,20.3042895400247,26.9718399982921,-123.409927368164,81.6137008666992,-0.990455456775302,1.36299268590182,23.4797102390334,6.22352588457583,6.06375455856323,43.0281753540039,0.303444163549579,-0.400386923821527,7.67288329985729,3.79317936785517,-4.69454908370972,18.169979095459,-0.442899024936465,0.067205546327966,-8.30873245256845,3.18654121781193,-18.4231204986572,0.040596190840006,-0.140165903379151,-0.225156087770551,7.91852290968216,3.6526298019688,-0.495139420032501,19.2046241760254,0.408472328492543,-0.312607284057587,-7.71833022042762,2.80774999485252,-17.5105819702148,0.736096382141113,-0.377598295823495,0.156943779820874,3.85672874072307,2.7835107054014,-2.87414169311523,14.5764932632446,0.512465373823447,0.370273621237072,-6.15372159383801,2.25308289202811,-12.6494855880737,-0.014536617323756,0.074798504476736,-0.357089039757467,5.43549304781265,2.0834039386044,-1.54263389110565,11.074670791626,0.012562498852997,-0.361207095066687,-2.53880251551502,2.08449231957821,-8.03026866912842,5.446373462677,0.419360714679321,0.355720669202231,5.78796381299969,2.13926505095404,-1.8422600030899,11.6414604187012,-0.326953596339177,0.394643323048485,-3.68802419875066,1.72798264120811,-10.2955102920532,1.66969573497772,-0.12847587073533,0.326223586316001
classical,43.3205950541146,14.7023778384642,-122.864768981934,85.5764541625977,-1.70289830737529,18.0612779491809,22.5081523302138,4.68995690389912,7.67594385147095,37.232593536377,0.055407807024274,-0.254414167339102,7.56020758767007,2.9701887750418,-3.32099962234497,14.9064474105835,-0.502851622617642,0.261567489320589,-7.77707658102138,2.64820693663018,-16.0504016876221,0.773303329944611,0.05006246997011,0.04712673363229,7.89920994711555,3.20057546625263,-0.119047351181507,20.7543296813965,0.31635583705496,0.21732420273633,-7.82498021417731,3.00038582075817,-18.207576751709,-0.073485277593136,-0.433005349486734,-0.033118814331003,5.62192388008432,2.69846235025751,-2.1273729801178,15.0250625610352,0.311732825376057,-0.132697152166721,-5.51443308008924,1.97961091295511,-10.9203987121582,2.17830371856689,0.316402189820958,0.276969684156072,4.08663681557222,2.04351377916841,-1.70732688903809,9.41504287719727,-0.148062526164926,-0.400039626562807,-2.79287160208281,2.27985475210854,-9.04251670837402,4.06031942367554,0.129984441420341,-0.031711772922602,2.94772864413725,2.59818323821069,-7.54431486129761,11.0539817810059,-0.059784527375529,0.082114192407775,-4.47207416501005,1.87948189878102,-10.774661064148,2.63846778869629,0.028667343195766,0.286532516878582
classical,30.9248771367023,33.6617153351976,-94.0551223754883,78.6407623291016,-1.17765053887246,0.473445985172035,22.8764937243912,5.26478147784746,9.95083904266357,38.6564140319824,0.297457033594253,-0.330596784609206,9.1353888266145,3.0271420154516,-1.16918289661407,17.5990447998047,-0.353491851448948,-0.004108708645566,-6.79401042048962,2.94646307461037,-15.2596588134766,1.30373930931091,-0.060149612692328,-0.328928760670277,9.2645997469734,3.07408785253002,2.42890429496765,17.7820873260498,0.349145572482273,-0.568450361589373,-5.26201064281748,2.96569663291025,-17.2680606842041,0.978833436965942,-0.74441487594544,0.176068250905945,8.01949909771059,2.12647514746665,2.62398099899292,16.06467628479,0.514533597102815,0.276502556280876,-4.16716701273405,1.46519313487035,-8.04110431671143,0.184269070625305,0.082241193274485,-0.226160458533758,4.6745130631012,1.64344236998002,-1.65260422229767,10.0160732269287,-0.206694171653282,0.193729970792103,-3.02650383241527,1.70695373213709,-8.57454299926758,3.11894249916077,0.435708696250829,0.318187027974609,3.84162663009187,1.81038047248318,-2.99368238449097,8.3363151550293,-0.624328075656865,0.684060495416126,-4.40463359194157,1.49539360415863,-9.60133075714111,0.321123361587524,-0.002246265478469,0.245481521785969
classical,25.1466127540851,24.0848071962998,-92.5644149780274,88.6501617431641,-0.718813639608787,1.60869261353774,21.6873521715785,5.13472662229699,10.2140188217163,38.8659858703613,0.24469643589587,-0.329611078130134,9.25083880025628,2.83707155894023,-0.220344036817551,17.8640174865723,-0.183202617969416,0.068782942862426,-6.10612610686253,2.90408293569737,-16.6711044311523,0.620931804180145,-0.081852517209919,-0.555541685569373,9.49528476154234,2.94276273244563,2.77483201026916,19.0812587738037,0.475315325965122,-0.316014923705927,-5.19223322687006,2.83682699324979,-15.3840894699097,2.4454665184021,-0.657400704928658,0.128753917014982,8.16393996161369,2.32562561419374,-1.66402351856232,15.9039316177368,0.267952316738425,0.393823163284116,-3.76477038754257,1.55490844908324,-8.87080860137939,0.270823806524277,-0.275147463805265,0.081471336993176,4.91124935076945,1.78837656321453,-0.478429287672043,9.60857963562012,-0.210036298298447,-0.069226708465283,-2.78015577600445,1.78380831199952,-8.07981204986572,4.39596605300903,0.485531059207019,0.914608896542574,3.98897973646691,1.86834187369218,-3.09825348854065,9.86340618133545,-0.472421808855595,0.519083237693392,-4.50652723092056,1.43731718023052,-9.77243423461914,0.386749118566513,-0.03643787654551,0.853317074145416
classical,25.3448306142658,34.4862109447305,-113.805885314941,93.88818359375,-0.799194622262285,0.594341173523078,21.7092060347282,6.16957804958695,4.69718265533447,40.4300842285156,-0.024934025306562,0.271919600724136,9.23572648404864,3.05811804287189,-3.9656286239624,17.1053161621094,-0.449558269869841,0.760914702666844,-6.31670119166983,3.18331009488601,-16.2152919769287,1.8334379196167,-0.139304667530256,-0.405557639066391,9.11832642061429,3.20245315809576,0.553721606731415,20.1630802154541,0.337649639348981,-0.037511535428931,-5.59681355914964,3.0052759379595,-15.4173622131348,1.25003814697266,-0.641861416269334,0.083043246808809,7.1225184168734,2.8200866230364,-1.66405487060547,14.6446771621704,-0.343513337713,0.308129799642606,-4.56271935263029,1.9529424323878,-12.6927804946899,0.413184851408005,-0.73053110617436,0.720586197704817,4.66767930194231,1.71794135392817,-2.25998187065125,12.0130805969238,-0.367047827573335,0.903349242883149,-3.31149887170234,1.76336466953342,-7.83203935623169,2.72473978996277,0.364823613764767,0.254418753926741,4.09812980407687,2.17391884445413,-3.71691107749939,11.7279262542725,0.021563511544171,0.877758460636608,-4.2733757196292,1.63140075394566,-9.26271533966064,1.52095282077789,0.237811568329105,0.160630591816254
classical,24.9212891668812,27.9587237351155,-112.955535888672,83.1740036010742,-0.529180050606872,-0.01699159515136,22.2260857796864,5.1314586782321,7.16597652435303,39.5378570556641,0.288351086022454,-0.176713113465005,8.79911789530182,2.89661361091534,-0.510615050792694,16.4302825927734,-0.197363877181032,-0.127019519578258,-6.6169205238584,2.94246136894966,-15.7425804138184,0.537609815597534,-0.10756905098382,-0.409472293063583,9.54888805263657,2.85985674820768,3.06132650375366,18.2070713043213,0.365559576472068,-0.324836508197852,-5.554212552479,2.87743453380207,-15.2257852554321,1.77626407146454,-0.512290736599017,-0.105839028920354,8.39205876949092,2.19800792115144,2.7135763168335,15.6807775497437,0.456916706400169,-0.046094888953777,-3.89903624145403,1.56183941017405,-9.59051895141602,1.45356106758118,-0.114738017120085,-0.084405434275083,4.5364043601944,1.69248470518314,-1.25257647037506,8.94229316711426,-0.343728786278407,0.20377545401922,-2.89632024345898,1.93679621403578,-7.90406703948975,6.25206184387207,0.710361152904995,1.191655455878,3.40102229409285,1.84087463858798,-3.67222595214844,8.32558345794678,-0.764662644621355,0.75018882918383,-4.69585977545793,1.51026642361732,-9.45693778991699,0.474817514419556,0.181324659389801,0.114872911910453
classical,4.31681438282463,27.0732993525772,-124.726196289063,62.1047401428223,-0.757534286925059,0.684063925008783,18.8904398998274,5.4726361635403,4.44650220870972,35.3360443115234,0.321821880710544,-0.441645590813755,9.43541020923484,3.20784009595744,-4.87560558319092,19.7583198547363,-0.758486112132163,2.20133686095549,-4.19816836016307,2.85662455553407,-16.4115734100342,2.05893278121948,-0.672161671312655,0.709094459764623,10.8256691244964,2.9456505982795,4.24105215072632,21.6626586914062,0.471327084955828,-0.245463439322457,-3.80303643543932,2.7383748853241,-13.5593500137329,2.27704381942749,-0.750455629571726,0.355560522525554,7.56142329223793,2.03255636606409,2.71797657012939,17.1928386688232,0.725857733411947,0.921669612800147,-4.73273764719345,1.6371655783088,-10.1785898208618,-0.607172191143036,-0.256798968670523,-0.077322087640004,4.37334482520254,1.65599252566704,-1.71545338630676,9.5506534576416,0.000904911083895,0.041992410268347,-2.82293505461011,1.8468876757366,-6.79664373397827,5.961181640625,0.867825947794684,1.24170748101282,4.1099920801801,1.70716602212213,-3.37023210525513,8.2354040145874,-0.569609314950402,0.555772355282933,-4.50629310070699,1.65970953583401,-9.74002265930176,2.84635996818542,0.603441369377074,1.43496483784064
jazz,32.1598585508807,43.1824980135221,-130.971450805664,131.613525390625,-0.017356043622628,-0.464770179626269,18.5851680935472,6.74328179518346,-3.51334929466248,34.0737648010254,-0.42872387348133,0.164783909257389,11.9765710956053,4.47267143319733,-2.98869681358337,24.254207611084,-0.261869493037466,0.242980720545702,-3.56013556092091,3.27751027697373,-11.7873468399048,5.39322757720947,0.025502029602195,-0.549978020991254,6.57592823875409,2.1213416274854,0.603547275066376,14.1348476409912,0.182658512579624,0.140292970691187,-4.5030294242929,1.69174580413896,-9.68229007720947,0.690536916255951,-0.243405301304377,0.066441445422695,5.51675143608413,1.58633556294281,-1.1459299325943,9.75593280792236,-0.188778768289865,0.268909077511815,-4.16352295131361,1.61596182270189,-9.24867820739746,1.4089583158493,-0.327574144486594,0.648800385676023,4.95193374574254,1.41178398702476,0.763708591461181,9.76648330688477,0.028275219944125,0.006468284336892,-3.7371404253581,1.37314162364591,-9.89108085632324,0.599797427654266,0.020221887768769,0.927695011773764,4.91016597201876,1.71531146312055,-0.389262646436691,13.9512844085693,0.254085602964004,0.775059742812354,-3.93033051521212,1.34282850353596,-8.25037097930908,0.225881397724152,-0.026588843494975,0.118973265613867
jazz,2.96946243310615,36.4908353282153,-175.158508300781,92.260139465332,-0.204821371028104,0.806378394255816,17.584826189829,6.01564553339768,1.68933129310608,35.8200454711914,0.023475990392652,-0.153488788086596,11.5982557793116,3.69944734625341,-2.37124419212341,24.5402336120605,0.009540541560862,0.561092699348783,-3.37309025163689,3.40769156898075,-15.3559732437134,5.20513391494751,-0.18841435759228,-0.410449383787313,7.3076199896225,2.5583865913542,-2.24853253364563,17.0086841583252,-0.144906896992918,0.833361033086615,-4.68733784166907,2.15998512822141,-13.2210721969604,0.81377774477005,-0.441252364242589,-0.132106741483054,5.71456052842816,1.71790840234037,-1.62178909778595,10.7213878631592,-0.315102687670573,0.513108311123425,-4.00399259873421,1.50581669569849,-11.1525917053223,1.44222187995911,-0.504361750239439,1.22258270640181,5.20340007480969,1.57582408639482,-0.689993917942047,13.119460105896,0.128439338442867,1.10524526302683,-3.51010974361849,1.36402454953714,-8.09360122680664,1.17226529121399,0.305633924900033,0.536904250952596,5.33518955650519,1.44979917163457,-0.965376436710358,11.7438201904297,0.02937439819955,1.30179574000313,-3.6228585495193,1.34744244965815,-7.67414712905884,1.10362660884857,0.43064977314474,0.56951385110035
jazz,45.1275484211386,32.1817634331367,-142.588027954102,104.591728210449,-0.881766005791637,1.0384874460973,25.1147345639722,7.87127729932101,5.88051462173462,48.6980590820312,0.2180725809678,-0.515552769522472,13.2447591227596,5.28219296920678,-0.470555365085602,31.2139759063721,-0.119257959862313,0.103628791471026,-6.09496596767518,5.6037511343794,-20.0559005737305,4.51019239425659,-0.266291422775932,-0.875031129786273,6.16544784056055,2.43168658321444,0.139268919825554,16.8981342315674,0.589372140752385,0.779495203853101,-5.1737464452847,2.30698616839766,-16.9250888824463,-0.796182751655579,-1.33019882236335,2.48923660296782,6.16076148432639,1.71763709472569,1.86634957790375,13.6119089126587,0.443955884490637,0.644087816123692,-4.45474507691841,1.57741651239415,-9.98044300079346,-0.778741240501404,-0.326992842814133,-0.187549704087239,6.51887059239551,1.6092407142896,1.4886611700058,11.5268878936768,0.36809626276392,0.042863080286813,-3.99666660555498,1.58356852411598,-8.11414337158203,2.73372173309326,0.34729833089564,0.574004973321314,4.59470316708575,1.24793124282336,0.337338268756866,8.67154502868652,0.175830147823012,0.338459458170597,-5.98014770116105,1.52083511324482,-11.3349857330322,-2.10839009284973,-0.220497928954125,-0.400368037501908
jazz,26.2052982358045,33.5537756458442,-81.0217208862305,90.6571884155273,-0.32054299733004,-0.62597465896045,19.5897909890774,6.61857163416874,4.092848777771,44.4066505432129,0.647229425883991,0.612673531909057,16.8334362897762,4.15104561275315,2.23684525489807,29.8607883453369,0.384048035791031,0.373725557625662,0.128635646670253,2.92821395813205,-16.6902179718018,5.73296546936035,-1.31663290262009,3.03003642213634,7.467133216248,2.06835043631633,2.12167859077454,16.3547344207764,0.48855463692014,0.560480968348284,-5.4479185157044,2.80339152321436,-14.6588087081909,-0.452994883060455,-0.824924372713645,0.427408640689881,6.45421411381211,2.07552396972332,1.32263779640198,13.4314832687378,0.72557869539557,0.297223275533584,-4.10364212444009,1.44100541918888,-9.33927440643311,0.223496958613396,-0.489102871057519,0.630077362563961,5.09861475970856,1.55249075800655,-1.86967051029205,10.5404748916626,0.24341252681101,1.24880357342429,-3.93442743153983,1.78828438644415,-10.3358688354492,3.15414714813232,0.718678928826456,1.07271462849149,4.05861890039104,1.78772570981119,-3.59910655021667,8.64632892608643,-1.0163842291377,1.48771370262141,-4.20450779276705,1.86094988020345,-9.20124435424805,2.83191227912903,0.71120417845015,0.991899066428786
jazz,52.5092241855555,25.0080403194533,-42.7307548522949,109.490829467773,-0.378003203173382,-0.246528892084795,17.8510405834331,6.72636380269089,2.61342573165894,36.3751220703125,0.371117194786093,-0.549720542167919,13.0185104741607,3.09687001459655,-0.906246244907379,21.8113632202148,-0.408083525790333,1.08314655467593,-1.40665730870915,3.12125379042963,-12.7423009872437,5.36859273910522,-0.834482144805696,0.221514075141985,9.5993969850762,2.61080153563652,3.50489330291748,20.0468063354492,0.901840468238693,0.685764541804178,-3.41760283785894,2.3479681650005,-14.3510541915894,0.534416615962982,-1.40572673783467,2.32693229909746,7.0883222094802,1.85787044410961,2.43786358833313,14.6628456115723,0.904114219214105,1.16478861468678,-4.0877440020572,1.62869964012714,-8.95016098022461,1.36473214626312,-0.153457552563858,-0.269087460991656,4.78691091287968,1.54106435331576,-0.475735604763031,9.57442569732666,-0.075251177277364,0.302215733225868,-3.82637995968378,1.56631968948607,-7.96779632568359,4.82342720031738,0.866783351289003,3.85883677960533,4.92810853842841,1.39947177172253,-5.35495758056641,9.68989849090576,-1.0827652268455,5.84743664213548,-4.37882438004883,1.10843454472193,-7.61098098754883,2.8194580078125,0.713358395898056,3.86025657938935
jazz,53.9069429428742,35.6515633540557,-90.5378494262695,120.062065124512,-1.22794353986559,1.58857049707499,17.6379653065527,7.21521226785675,-0.438817709684372,40.8575782775879,0.132191864482685,-0.538952826609075,10.7963202793951,4.04309373019138,-3.11106204986572,26.7001533508301,-0.472669500887276,0.926428806403498,-2.92627963664982,3.07712747331411,-16.0231990814209,4.11290121078491,-1.04638627292526,1.81880806901727,8.86052503424605,2.99710334360321,-0.000887178117409,19.8782119750977,0.649685828560107,0.17893678948141,-6.57834988867249,3.3165426535551,-18.2447757720947,-0.24950909614563,-0.645848902377745,-0.064078348501246,5.68628125431401,2.66908367752278,-2.32131719589233,12.9926080703735,-0.040959636952163,-0.099119111865389,-4.74071569488652,1.7285278143948,-10.8947048187256,-0.677725374698639,-0.458462762271782,-0.184320931791798,4.33253208614773,2.01877026019949,-3.2898428440094,11.0680513381958,-0.211809227168867,0.197026394564722,-3.50197305762434,2.63126417131586,-11.8493576049805,6.06546878814697,0.727422166807829,0.538475268685986,3.40191595529966,2.11138561120818,-5.18179082870483,8.22788047790527,-0.903878016968794,0.796509677450356,-3.71366225886053,1.87017677278666,-9.88449573516846,3.62309265136719,0.32376951610267,0.671082884344354
jazz,54.9438306230926,29.9156996289959,-43.5517883300781,113.434814453125,-0.636821499764554,-0.200065513179477,18.1185785967383,6.77749565304161,2.26947569847107,37.932430267334,0.135831641325977,-0.450062968268275,8.66807824439753,5.20191802368225,-4.67694997787476,22.2079372406006,-0.141027297605183,-0.446767278306035,-5.43657928333991,4.79216448407914,-18.5950260162354,3.56634521484375,-0.321627054119779,-0.84353287849287,9.19909856658833,2.98796777081007,1.60982882976532,21.0408039093018,0.712379577926643,0.359301444674112,-3.47924453876326,2.6859504380267,-14.7158861160278,1.93312501907349,-0.845219613298872,0.527607432382296,8.07986348735271,2.39201731249046,3.42525720596313,16.8572845458984,0.796394434506428,0.449897960264913,-4.12348129602895,1.62363440691532,-10.0091199874878,-0.035716518759728,-0.329018990754347,-0.054064318964376,3.87473535527504,1.56554049059253,-2.04328608512878,10.6358575820923,0.171797509564662,0.456798540433404,-4.32108406778186,1.90831048331317,-9.88035106658936,5.11130380630493,0.60903555554071,1.60435794985739,4.4561250625138,1.95537744261503,-2.54755711555481,9.47707080841064,-0.834758413056599,0.810693028819269,-3.06442770251598,1.48510485681079,-8.61812973022461,2.34624481201172,0.045163580270821,0.636629206625794
jazz,46.0034744188694,31.2388668359452,-102.963562011719,116.51099395752,-0.506558187534323,-0.119847900084984,20.6566541748536,6.20058105647061,4.17994546890259,39.3546981811523,0.198162184721099,-0.32702261680324,13.102077211424,3.46585661241363,-0.213260769844055,26.9800338745117,0.201492482204096,0.976108439442602,-2.18389161056219,3.50742256607563,-13.4698553085327,5.43241596221924,-0.436998327812307,-0.27613786297682,9.22891075956084,3.7409769198327,1.4112184047699,27.0820178985596,0.772544866922761,0.784013005502453,-5.93843309886432,2.90954408869265,-17.0469913482666,-0.09634380787611,-0.619392132348782,0.47176807315241,4.62152249654244,2.5491393566382,-1.53931975364685,13.420786857605,0.470939262082504,0.21536704431289,-4.88049959600876,1.92482593607841,-11.1364526748657,-0.27251923084259,-0.220273293660126,-0.227453651499978,5.55115502175539,2.10917125761238,-3.49158835411072,12.9717359542847,0.18404821595287,0.303865228752229,-4.33128363753005,1.80197898778664,-9.91099262237549,3.79085731506348,0.235803662732722,0.46925449094366,4.22615397092805,1.56572809108021,-0.985498130321503,8.67871952056885,-0.232409806241156,0.060380658316809,-4.64363790361717,1.57871335185733,-9.74344444274902,0.34953385591507,-0.26354967095225,0.030686377658694
jazz,61.7637659237571,22.2999617050965,-79.566650390625,113.518165588379,-0.909125051120392,1.80931276445536,17.1435660073401,6.27868163027645,-0.399522989988327,36.054500579834,0.102698365919498,-0.387895143382265,8.07776595731217,3.27553181152308,-5.32561874389648,18.5331077575684,-0.165315063432006,0.906693955678808,-7.31478883810896,4.65340368832826,-21.6981315612793,3.31223773956299,-0.046751438350443,-0.591691717807653,6.35498867277817,2.9003665942532,-0.305674344301224,17.1223907470703,0.699410711038657,0.422460121399748,-5.92275098646701,3.30761323317109,-19.6877880096436,0.027969667688012,-1.0150247513255,0.99251142961751,7.68576175078767,2.10650586681773,3.19406199455261,15.6965036392212,0.626126849726166,0.267093004864887,-4.00551953694437,1.61975264329174,-8.60685062408447,1.01593565940857,-0.160138699500472,-0.238183123129749,4.42040926657368,1.98115212208345,-5.51434850692749,9.15967559814453,-0.40575041134259,0.416545374678019,-2.51409700764666,2.32731410930417,-9.71294593811035,6.61055898666382,0.39557314358587,0.146096204558675,5.22483781328731,1.888333673452,-3.38222074508667,10.6632690429688,-0.425376953077305,1.03806504645166,-3.1694992735494,1.64316668356963,-7.52482461929321,4.21838426589966,0.482908470555896,0.813657258761034
jazz,35.7906546978063,20.8280684581683,-55.8800888061523,96.4992065429687,-0.181420986904099,-0.008047726818858,15.8287692910017,5.58917259155447,1.64921069145203,36.4521179199219,0.638036302086465,0.221571515859438,15.7313426173011,3.47855359264263,3.46313095092773,24.7421836853027,-0.035026201150891,-0.494748378163608,1.40111402793324,1.53326811836234,-5.37575578689575,5.77830505371094,-0.46481141689251,1.00231070700028,8.95814856651217,2.12836741124317,4.62083959579468,18.5766525268555,0.963015952710374,1.57125426836678,-4.44792125474575,2.1292343781318,-14.7188997268677,-0.304781883955002,-1.41191305642676,2.72050685718663,5.60732932146205,1.63798097961728,1.84403777122498,13.6680507659912,0.968967984981873,1.66759049773222,-5.36865315638309,1.48755416348495,-10.4391794204712,-0.534935593605042,-0.04190888836497,-0.08241871748515,3.71904386327017,1.18396284952423,-0.448061317205429,7.68115091323853,-0.144032907774569,0.565945764388452,-4.80266444362527,1.56264444493002,-8.75236415863037,4.84387636184692,0.86745762990742,2.30306357551606,3.87090131133621,1.23207654767862,-3.00094676017761,7.3687949180603,-0.834449893742153,2.43091410897849,-4.63885334484106,1.45024434304054,-8.73659706115723,2.75393867492676,0.85085715357991,1.87619179637706
metal,109.652734894458,10.1710023780293,-14.9630527496338,142.93962097168,-2.14462846849334,25.3143719841254,4.54211423690175,5.68004509995325,-15.0075912475586,17.6064224243164,-0.383221583510809,0.085029483204935,-1.4437141585005,2.41144669762737,-6.90538883209229,7.90042924880981,0.29394672943698,-0.275437277446597,-7.16567262492057,2.91636526500181,-14.501106262207,2.41717147827148,0.004922438185835,-0.401260391672978,7.04809242267435,3.42436999250397,-4.43129682540894,16.2801876068115,-0.356313979299265,-0.121004266011799,-2.57728667446108,2.84147600198266,-9.71078014373779,6.93683099746704,0.455177903258585,0.161880954756179,5.36797538504277,2.31166332722578,-0.684157490730285,11.8645792007446,-0.083329516624026,-0.259231845104577,-3.40079628145637,1.71508710239301,-9.71800231933594,1.67614924907684,-0.175266681361623,0.062364666841905,4.26059298439966,1.88532095752554,-2.33186984062195,9.26839542388916,-0.457924407342799,-0.088258588822097,-1.91514197598564,1.85256947660356,-8.94513416290283,4.47257471084595,0.095532823703639,0.103703828161906,1.15820437017013,2.07201682144943,-5.37962198257446,8.41691780090332,0.082976454996626,-0.13192811396732,-2.58543377943894,1.62703990589263,-7.41047143936157,3.05980467796326,0.124509074898731,-0.184836442863008
metal,98.2214420300799,10.0707682480569,-30.6479167938232,118.633087158203,-2.78949928854015,30.1917687800885,6.03621345935357,4.24678303099137,-14.339714050293,21.0059509277344,-1.02233616321995,3.83242023593293,-0.474907992869809,1.94729067752692,-6.43921947479248,5.02367067337036,0.07492146057566,0.016073914923597,-7.16576032620467,2.11155431574419,-14.4467315673828,-0.828885138034821,0.23715958319028,0.387064520686297,7.06894647014461,2.37030700781416,-3.35212254524231,17.2711772918701,-0.236914510151301,1.87852105165531,-5.96288783480538,2.43884114071259,-14.1238918304443,4.33271837234497,0.262388871956828,0.974043037170775,8.08013881685575,2.21883147056062,0.794307470321655,16.3060207366943,0.154565544200559,0.274053548193454,-3.09511487154005,1.9746557013559,-8.47530364990234,2.0684814453125,-0.217352496336984,-0.563178416119644,2.07382056813322,1.75448030213474,-3.38836455345154,6.35939693450928,-0.199694310035034,-0.296788822732203,-1.42184125602,2.16654523746427,-8.07093238830566,6.23373079299927,-0.012723993634402,0.0353843421689,0.566819766037549,1.74561284409204,-4.68628883361816,6.10975313186646,-0.047211569354926,0.122628940633225,-0.489306443185864,1.38898396300619,-5.50908946990967,3.39881324768066,-0.298366949516934,0.159906196065875
metal,98.6172233902031,14.2439169867493,-37.7934608459473,138.139221191406,-1.43653401195706,9.47393653194361,18.3869758494537,5.86824631697834,-1.37540245056152,32.6142845153809,-0.413996791682018,0.455807383972112,1.99393035602948,2.3043790858423,-6.50723075866699,9.4826135635376,0.048640672409515,0.148285114357657,-8.80072201398509,3.130493647889,-17.9490547180176,1.14181625843048,0.137761631848531,0.013073227699885,12.2596122770632,3.01857690128242,3.59860467910767,22.424919128418,0.094583762198661,-0.133126533486265,-8.27328117600183,4.18887552333788,-21.9590740203857,2.08157730102539,-0.033041977449969,-0.427616613259029,8.37701484327973,3.1132908293825,0.526687681674957,17.5022411346436,0.055325664098713,-0.484233414949121,-4.12804555327087,1.92618406743859,-9.68349361419678,1.114342212677,0.008373732335,-0.510171833921041,3.21553914260897,2.09243783840227,-3.06776332855225,9.05663776397705,-0.169902571568821,-0.246882018117773,-2.14867011584869,2.67749220981409,-9.02698993682861,6.49783658981323,0.484375224830917,-0.208413474921208,1.25064609444384,2.35898348969097,-7.43046808242798,7.65475559234619,-0.398559659033098,-0.157167391635991,-3.25820889958162,2.04069328153563,-8.09556102752686,3.06018948554993,0.330776018777571,-0.416289074331471
metal,109.446753663249,11.2674625671067,-54.5674591064453,131.284820556641,-3.84780154409429,51.0318833595603,12.4386235635245,4.03478435970005,-0.269064694643021,25.7144889831543,-0.088792178804866,-0.038949359183809,-2.85236094842226,2.42759124603637,-9.21853160858154,5.12883758544922,0.281108465890728,-0.147012245975066,-10.7347487983236,2.42483400639947,-17.220760345459,-3.31623148918152,-0.035921251891728,-0.179432302083204,10.5784289491218,2.98184124943847,0.71118825674057,18.486083984375,-0.2445037914732,0.066577307450121,-11.0138481842873,2.8555928039584,-21.1272106170654,-3.40995311737061,-0.140210475986732,-0.113167862816264,8.2675034258093,2.72057511735438,-0.153991550207138,17.4241218566895,-0.142227465527261,-0.107479263798093,-4.98398158966174,1.81111956251102,-11.607518196106,0.77197676897049,-0.466580841607486,0.774725309506179,1.30149797465904,1.75854311412193,-5.06991529464722,6.67200565338135,-0.17546560013352,0.306329160959086,-0.144668462468896,2.28933090299315,-8.11839294433594,7.08330297470093,-0.237652946830646,0.520308177009893,0.614919435520257,2.38244875094326,-8.49811553955078,7.05920219421387,0.021390368866805,-0.151213350212199,-0.554727942590652,1.81113284762516,-6.81600618362427,4.60945177078247,-0.164016939402319,0.07049274091622
metal,89.9919785404428,13.7271516036973,-46.0812911987305,116.30387878418,-3.54590834831898,22.9508407112667,1.34162593872641,5.2799504366951,-20.1414279937744,15.286509513855,-0.259766577766077,0.187739855865334,-1.30718674139601,2.22766402031832,-7.26803493499756,4.69636917114258,0.037692850797952,-0.525118749141635,-6.57762262179943,2.07293830565236,-14.1372470855713,2.82877731323242,-0.120036062156986,0.644852082968431,5.40991205635699,2.46041211030392,-3.51960802078247,13.3364868164063,-0.04017118518553,-0.063488107178038,-3.90238306695832,2.64736608417034,-12.4014720916748,3.97104454040527,-0.088678785240864,-0.155310402782892,7.3642822898394,2.13054783080309,0.956238389015198,12.3651332855225,-0.315071779641231,-0.108027038249316,-2.7503253181303,1.66818729922886,-7.92661046981812,3.5409984588623,-0.272122817530304,0.41099011852098,2.06878716578691,1.49487099275067,-2.80501079559326,10.2830381393433,0.168389574047176,1.04942966786731,-2.00763514984775,1.89025911137654,-8.23618793487549,3.58485460281372,-0.096610782989099,0.088885228795439,0.607408871483536,1.80999109929804,-5.42427158355713,5.94689035415649,0.044974152512109,0.051632972178019,-1.46220174053947,1.53515654128367,-6.45746612548828,3.90876889228821,0.049791732328782,-0.005725712666958
metal,94.2132983983949,14.5751783467686,-29.0797843933105,132.193313598633,-0.816535921870057,5.56422546246627,13.5438620950074,5.75175105181069,-4.58862352371216,33.7859001159668,-0.204200576802109,0.361239201104067,-0.892380782034719,2.55552620267933,-7.94141149520874,7.46049356460571,0.213935381819404,-0.13938082402343,-8.53623270074469,3.1349843946561,-17.8973484039307,0.270210653543472,-0.056542140721365,-0.076767398297181,13.6160503451214,3.08705855054739,3.95428967475891,24.3522167205811,0.120655740743216,-0.111669227023757,-6.91905867243402,3.4253774405548,-16.90305519104,1.80861222743988,0.067580835889596,-0.195314700808742,8.52827017191733,2.97161154307957,-0.61812824010849,17.2371482849121,0.001155422294754,-0.290316929982798,-4.90749222670877,1.93227319410542,-10.8280916213989,1.25171148777008,-0.177267082416776,0.281567413478864,2.80189069594679,2.3098682078476,-6.03887367248535,12.2722358703613,0.149348011442939,0.262600859780186,-0.442640880681304,2.96676431479654,-14.6418466567993,8.60325813293457,0.203814520192938,0.240925777499281,1.76300098774684,2.49728376384968,-5.33521604537964,8.14215564727783,-0.134875946752777,-0.407831452602837,-1.22045171444377,1.79915510449403,-6.85913133621216,3.78299760818481,0.030380341955448,-0.174371768977833
metal,80.0967051661292,12.6850159950506,-69.8679962158203,111.01318359375,-2.32237014517684,22.4231905790387,5.53206402524374,6.88443544137521,-23.1245384216309,28.0057392120361,-0.563715092662748,1.23660122843732,-0.78204357288101,2.50633869398845,-11.544261932373,5.75489711761475,-0.5740166436203,0.551469965857175,-6.16335989511464,2.92550251199982,-16.5293807983398,3.54880881309509,-0.103665564110196,0.202525624227807,9.41538545581577,2.52145066343828,-1.21748721599579,16.5446395874023,-0.536184564258382,0.863600654986576,-4.90238871698858,2.39009765666647,-12.6039133071899,4.11143636703491,0.113635588406578,0.538222951814368,7.86602237917656,2.14719125197968,2.16472029685974,15.3607578277588,0.29842000535798,0.157525194741663,-4.67218680108009,2.30816665331828,-13.411904335022,2.65375876426697,-0.701751360251353,0.568874950592561,0.63256150571911,2.58723272087308,-8.33863830566406,8.97899532318115,-0.568791126339915,0.45180957508936,-1.76536456222408,2.11979056560098,-9.64893627166748,6.1291356086731,-0.272736023242141,0.11427603816858,0.62567114793441,2.0151785045747,-5.80829381942749,6.49119281768799,0.096228435253791,0.060952874093183,-0.723425949222495,1.78546196313727,-7.5207052230835,5.65380668640137,-0.250968962480174,0.652212324091864
metal,87.3055640746999,9.31641785541991,-54.846076965332,113.650062561035,-4.18598403340827,62.1760534027501,6.50181027869352,5.33972274884794,-19.9946422576904,23.7887382507324,-1.09480068584408,2.81162597735282,-1.15378358939681,2.02369798295703,-9.04766845703125,7.60833120346069,0.604114040077462,1.20255982509319,-8.10644983088156,2.71024597373179,-16.0864086151123,2.96634435653687,0.510966779383188,0.546753336541862,7.48680138127615,2.63048562374929,-3.9611554145813,14.7502670288086,-0.394676142397004,0.931071645768182,-4.23934394574986,2.08965817209695,-11.1458950042725,2.00611639022827,0.008176280866158,0.119659726254218,8.75035403601069,1.85677349372456,2.13403272628784,14.3444690704346,-0.135528708631087,0.033576886327426,-3.47746694668293,1.39490730649624,-7.67753076553345,1.39577376842499,-0.036962113184377,0.40375313123477,1.91982420537013,1.39462852916294,-2.98060917854309,5.66321516036987,-0.244701717030286,0.448698668108281,-1.69138659252443,1.51637555686507,-7.04867649078369,4.53465843200684,-0.087574089227583,0.343099364791611,0.430481359558756,1.70671905876536,-5.73175859451294,6.19000625610352,0.133874787857625,-0.081317479866618,-1.09634994776526,1.40874541911143,-5.66688346862793,4.3213267326355,-0.082962679201206,-0.054271813500956
metal,74.1109630496003,19.0362990127687,-88.6388854980469,114.118476867676,-0.783599447317459,5.27528348117074,5.99670794305587,8.77228685923693,-22.1211433410645,28.0665817260742,-0.23224288329489,-0.339610231763488,2.72557320828867,2.79283663833196,-6.00838184356689,12.5092420578003,0.261987829329969,0.085864742483497,-5.02974040947941,3.57623748377031,-14.9719829559326,5.89179706573486,-0.115726266970143,-6.70434113709817E-05,6.13308758083514,3.82482185834473,-3.26387238502502,18.3008155822754,0.032887300057552,-0.286345951648471,-3.16191982871171,3.31728253822752,-13.3826036453247,6.6952109336853,-0.061186295560207,-0.318625075192183,4.84165563126884,2.15401572953234,-1.92880320549011,11.3435173034668,-0.099196652542519,-0.286032385339849,-4.1008574186716,1.88195411890992,-10.5929622650147,1.68157780170441,-0.088784611076039,-0.24410241962133,3.39688860939512,1.8636020583935,-1.88230812549591,9.82257461547852,0.069516642131021,0.272110619784071,-2.29803133453513,2.15184932389745,-7.9469313621521,5.47333002090454,0.503442952302566,0.403904795908782,2.79626488442923,2.07811014274169,-4.43989133834839,7.55654764175415,-0.369994247337952,-0.099775100363382,-3.16779469545541,1.74140086072853,-8.21238899230957,2.0808379650116,0.032687590896863,0.060003137983967
metal,122.953700761116,10.5808186047727,-35.829273223877,147.385070800781,-4.1147577249438,57.8919952730758,10.7299683361446,3.84441171723974,-1.90600633621216,21.0958576202393,-0.105642712901483,-0.031887435973919,1.73191265569991,2.79665701172232,-5.50976800918579,10.0707836151123,0.223528972054964,-0.347901931623961,-3.24367804112524,1.82258114016369,-8.33062744140625,2.55533719062805,0.357369862869042,0.095799714208633,15.601025214134,2.69627539575641,7.42603492736816,23.1067676544189,-0.083405725172816,-0.093316540247059,-8.08010739752264,2.81765971773682,-17.020170211792,-0.207369953393936,-0.225810858608703,-0.159682517344704,7.32026618090105,2.44827351913367,-0.95787239074707,13.5351114273071,-0.103985751372555,-0.075509783721739,-4.14488810806371,1.64438084804447,-10.1288290023804,0.040558878332377,-0.585006997922121,0.550971586794899,3.50866322189813,1.80906421665603,-1.98278093338013,9.71726608276367,-0.149879785528347,-0.189923111369674,-0.536758186675575,2.20377864957164,-8.43827247619629,5.67676734924316,0.148610070715806,0.010896039654074,-0.06650465305122,2.03453928185987,-7.15265464782715,5.92852687835693,-0.322150757705708,0.002720653772368,-1.50172417727272,1.6429317908373,-6.09079933166504,5.09771966934204,0.114713170695466,0.05453113587709
pop,102.124022633498,21.9583427614109,-34.9683303833008,154.04216003418,-1.20195341601562,3.69774349530688,-0.784819276212952,6.71184731470063,-28.0806865692139,29.7841491699219,-0.576992348861731,2.07133561710627,6.44642798049656,3.65261854458781,-4.02381706237793,16.8558025360107,-0.275739690195102,-0.197841085909288,-0.178665147038001,3.07836827320342,-10.3126258850098,11.0444059371948,0.327787874081538,0.675273568143249,2.94356303922998,2.90406535668214,-5.1879768371582,12.8116569519043,0.004348762247579,-0.028517392224277,1.60343519092084,3.535045213475,-7.99703407287598,15.370400428772,0.518228355069667,0.300709947566101,3.19024428508767,2.18544811548888,-4.84853601455689,9.38482666015625,-0.54451940846992,0.548715601171497,-2.82086061572946,1.82177965719025,-9.44217300415039,2.86178731918335,-0.202644301283617,0.557171906158734,5.26285945919702,2.03478508364949,-0.291087567806244,13.2373762130737,0.503753369990565,0.56268468847118,-2.6683800294058,2.00701101744773,-8.88838005065918,5.41372394561768,0.259929424602547,0.716024535327645,2.83898994159576,1.93402584353005,-2.37142896652222,8.93721294403076,-0.20055994751928,-0.187583483641528,-3.7140706661554,1.87904958027542,-12.1681327819824,1.99727022647858,-0.54210120811603,0.885360231380367
pop,117.092106172613,25.0959476344931,24.1859359741211,173.35578918457,-0.824769251081072,1.4478610960087,-3.55317045849082,8.04142192532908,-49.4226531982422,21.2567939758301,-0.665589165790737,2.08606821997004,7.19841848117383,4.70480578790184,-10.7134094238281,19.3846988677979,-0.493103460395358,0.200527604707269,1.7527033535931,4.2123265800929,-11.8226480484009,18.0343418121338,0.109339050601904,0.558846017213047,3.15423115566109,3.32571444173125,-10.5028257369995,13.7174634933472,-0.527462770207622,1.15363820243618,-0.036919326069753,3.39170901472289,-11.7315835952759,12.6987724304199,-0.105629685150524,0.587962461055604,4.89708473257799,2.48619329335864,-6.76823043823242,15.6234483718872,-0.169065532574699,1.82994168358034,-2.56863655761545,2.28364835722852,-11.6526937484741,5.39937162399292,-0.198944751790199,1.09203985501888,2.90450473942184,2.19798226614969,-3.97799515724182,10.9103345870972,0.078920919454534,0.606454076304403,-2.36707005884565,2.07754852200257,-8.92261123657227,5.96290254592896,0.197316223213323,0.461232667760005,2.47796723721799,1.97560305494179,-5.16672992706299,8.45831203460693,-0.437063248554459,0.658662945486329,-4.06715650739129,2.03721611642714,-11.0248622894287,4.20205020904541,0.150782284409901,0.673649495125772
pop,109.83089113625,21.4875025639679,-34.2129058837891,151.807540893555,-0.582932571025251,1.41356842067118,-0.466283198352034,5.76984740068117,-19.5453014373779,13.2908134460449,-0.244635553509917,-0.448487072756447,7.17314700960522,3.60198281760063,-3.58465933799744,21.2221412658691,0.509070225252342,0.636547265706489,1.67115570418401,2.44593315554171,-7.76435375213623,8.51617050170898,-0.270517790761252,0.185123741652966,5.37471936171159,2.46854326284786,-4.11053895950317,12.8517932891846,-0.511876533161316,0.593146911702772,-1.17647760630289,2.6427400910302,-8.04656505584717,9.21060943603516,0.642191461317466,0.505664980394099,3.72945539074512,1.78660325146205,-2.1548707485199,10.0532188415527,-0.275456479835629,0.497529841175184,-3.13770771958369,1.7199765876834,-11.5773572921753,1.10950803756714,-0.76458510423557,1.91474990357502,3.67850931585183,1.52368194743557,-1.82005023956299,8.61509513854981,0.011104228965012,0.076157127406689,-2.55871285906533,1.4061176259164,-7.36931943893433,2.924147605896,0.276000153007529,0.617164652215592,3.30144773248057,1.33514192592442,-1.98633372783661,7.1937255859375,-0.273409451421487,0.417782290066579,-3.0393885333404,1.54134725155399,-10.4761667251587,0.26670104265213,-1.18158021487345,3.0831186677666
pop,79.0267359578902,20.3028925964564,-68.7619781494141,131.569213867188,-0.709570042373971,2.8280899869171,16.8471989636521,8.32069226932366,-24.9485912322998,38.4137420654297,-1.04552191031011,3.34259896818497,7.50763049357883,3.01852619993197,-0.567381680011749,17.3915977478027,-0.03217366601283,-0.144100012250858,-7.77501460675546,3.75445766074632,-19.7566509246826,9.52174186706543,0.649022886895637,1.89098463829515,3.59624141077821,3.50244011325787,-11.6950693130493,14.2234678268433,-0.421283304710985,0.944599869494192,-1.50022935147545,3.469467990944,-10.1563205718994,13.0311241149902,0.566774081088719,0.671834270383415,5.34349633222951,2.48986129832791,-3.73325061798096,13.6017789840698,-0.456103693331737,0.355970948630792,-4.96475501072483,2.20479449449214,-13.4007339477539,1.72400367259979,-0.257803456730009,0.437695519568449,5.38528636289172,2.26986877475547,-1.59074831008911,12.6315517425537,0.091920260904653,0.045538204665718,-2.54389250712755,2.18882706892167,-9.89805412292481,5.62623405456543,0.331103742706579,0.765187274879379,3.97166651762726,1.96617734647786,-2.71440649032593,9.3602933883667,-0.442203759251248,0.338657079474055,-4.74736235182093,1.56387669270958,-9.5239372253418,0.791232347488403,0.011168236208044,0.112967078831024
pop,118.690508077971,15.271271492466,-34.8395233154297,158.582763671875,-2.06881569941163,13.4978106230093,7.13901718689809,7.20314004694203,-25.0571556091309,24.1389350891113,-1.286674999313,2.53111320078324,7.22300699331484,2.96058141319526,-1.58222055435181,17.9709892272949,0.271155562261385,0.675945934953911,-2.48258684394075,3.16384867976805,-12.7269525527954,8.8687915802002,0.518318988721995,0.605033774065304,3.84106890589668,2.60883754251453,-5.37579011917114,12.2812271118164,-0.385354032516941,0.895240301317802,-1.94470895349065,3.12905965933334,-8.75793266296387,9.95995140075684,0.707943584657447,0.148595240152878,4.18218398604068,2.718093424979,-3.62100720405579,12.3006010055542,-0.24680473574645,0.085962587876758,-3.76470437658736,2.60506497649891,-12.3072175979614,2.18759942054749,-0.643210159162064,0.015015876161677,3.61710039800296,1.68402256869711,-1.10981786251068,10.0627794265747,0.325095363719268,0.069973218127192,-3.49470394717441,1.77122656556564,-8.74537467956543,1.77998793125153,0.124657075345505,-0.086643542570922,2.32180108897042,1.59368141226954,-3.07822608947754,7.57028150558472,0.278489006588533,0.288468410345319,-4.5265514320469,1.46425446482695,-10.5359678268433,1.00938475131989,0.011915509875533,0.395880289756557
pop,86.0231459727783,46.7769181532743,-55.1019897460938,141.200469970703,-1.10563689216833,-0.152813674416451,12.0743774935674,6.96528392666221,-28.2013397216797,27.8285427093506,-1.75287502655139,7.13163460920695,6.17040591070139,3.2611136000068,-5.68937683105469,19.5864334106445,0.410635792335676,0.701525234861396,-4.75752801978646,4.01699745439387,-16.0873641967773,14.0142726898193,0.826518742791676,1.36493840442532,6.59294666931068,3.64620292589629,-5.1192479133606,18.0931987762451,-0.245936674842354,0.443284838350566,-3.98565789066851,3.76937307678521,-18.1606464385986,6.72349309921265,-0.496220299669519,0.590912336987084,5.15992630417258,2.81273560218236,-2.41390824317932,17.6721954345703,0.12126874566397,0.740295406554807,-3.75374883189409,1.95741384479815,-9.78375625610352,3.42254877090454,0.458056836030676,0.599888754258441,3.79032404547125,2.21722432500106,-4.76436042785645,10.142370223999,0.099014497493955,0.011256918930717,-4.09641745587259,2.07187634778599,-9.84926509857178,3.8614673614502,0.256356785008778,0.362533070789959,2.71485533598061,2.05363846150222,-4.76190948486328,9.37407493591309,-0.017411289538306,-0.017935966033666,-4.22396330049429,1.69515632808223,-9.78461170196533,3.34231734275818,0.178564768049998,0.337926537362871
pop,67.5111601543981,25.9308566147977,-72.0874328613281,128.04035949707,-0.357253978067165,0.372238825305326,5.74335906135871,6.8092468630188,-26.8561573028564,22.7770500183105,-1.21781556285982,3.49714505824927,7.62548002836316,2.85776123784077,-0.712028861045837,15.4671039581299,-0.318845405271549,-0.114683783367269,-1.09597935851983,2.73055023886082,-11.5616035461426,10.6546621322632,0.379373308091139,2.46049619566632,6.26645261516611,2.86211969026046,-4.66549491882324,14.1475677490234,-0.226464843386469,-0.425291794006121,-3.99754615786464,2.04557303449556,-10.4240074157715,2.74029541015625,0.179779265432912,0.340147222120147,4.79909265635232,1.76064386595395,-0.711975932121277,10.5221548080444,-0.189361423395328,0.162720985936587,-2.89679309843747,1.85165198453407,-12.2880506515503,3.05469012260437,-0.468944418334663,1.67472115100676,4.01337439625329,1.41043795865346,-0.647023499011993,8.58167839050293,-0.159123724534681,0.116985491558768,-3.77359485972976,1.72205142107143,-9.39585876464844,1.24337315559387,-0.104913617464203,0.078941097712542,2.86463909808548,1.69084331860758,-2.19036889076233,7.49659967422485,-0.214611473484804,-0.111274317955214,-4.36351897938307,1.52222947566243,-9.36059856414795,-0.848021388053894,-0.464622848262361,0.086088467152494
pop,57.1044474880503,25.3962106917934,-74.1980667114258,127.302520751953,-0.25727441707705,0.10524614848002,14.0472974566047,8.70374094447776,-22.1386165618896,37.9089965820312,-0.239563079321802,1.84747590923861,11.7924977940276,4.43668409767634,-5.17852592468262,24.9199542999268,-0.501670231311413,1.06362771876312,-2.14516810549433,4.32197494503467,-16.1582908630371,8.12500762939453,-0.533750992105639,-0.177937309750273,4.8391886232323,3.13452342623196,-5.39301872253418,15.0759153366089,-0.063749683493637,0.404999923131252,-1.78153049597645,3.34967782592444,-9.89440441131592,12.0268983840942,0.755005047709685,1.01296576452163,5.18088584856642,3.0217015527852,-2.23152089118958,13.9281721115112,0.131103449874058,-0.423987958977936,-4.41971185061833,2.48354144250107,-12.0608234405518,2.76511907577515,-0.095628455221696,-0.126104695699043,3.73167474880432,1.88884519550374,-2.7958722114563,9.41280555725098,0.044058223675104,0.047280546302881,-4.83338467653106,2.40804176801468,-10.7531070709229,3.51346397399902,0.446906861872875,0.410567446797128,3.12128976479612,2.08671837269059,-2.94231176376343,8.92392158508301,-0.074474338667314,-0.171805207936481,-5.34734911580278,2.0734735320719,-11.2035980224609,2.28274703025818,0.110172563029465,0.048984633276553
pop,111.250501368767,17.6285514185121,26.3380260467529,147.916687011719,-0.809771822578974,1.10595597275473,4.7117084032531,8.04736693748178,-26.5866565704346,21.7453155517578,-1.1355277901359,2.07149212412842,6.32219474717195,3.1166301824782,-2.21289253234863,17.006462097168,0.381730696999423,0.164270125772884,-3.1057491080229,3.83989178683582,-12.0126638412476,11.0874490737915,0.601804114389319,0.415008508835074,2.69895160362059,2.77035850751978,-7.41827201843262,11.5887689590454,-0.171736172697165,0.384686205841946,-0.855688840653855,2.76603408708712,-8.38464260101318,11.091010093689,0.569335015805846,0.844852088799393,4.7591550687198,2.28041308663247,-2.56536960601807,12.5509996414185,-0.301966596165681,0.284830211636736,-3.14621004105483,2.22067981889192,-10.7443227767944,3.33779621124268,-0.423605390221624,0.278029448728015,4.01005398018169,1.87355170689049,-1.87438225746155,9.02860450744629,-0.10421041989005,-0.168871123137361,-2.96530332498057,2.08176911203389,-9.71823501586914,3.23517918586731,-0.264332133248563,0.260680476615782,3.08027959597557,1.90378219638613,-3.76789927482605,10.2865495681763,0.175144532971675,0.456344741356552,-4.34008113246,1.73926373620714,-9.77596664428711,1.72746300697327,-0.017807139901527,0.162740410929425
pop,115.994804831898,19.269393139877,-35.9222793579102,155.7587890625,-1.37306672184769,5.78680022307779,2.51509940678356,6.53112030819944,-24.3411960601807,17.0122127532959,-0.765572267760869,1.0450902280629,3.57485973453986,2.69424392234089,-4.49935245513916,16.4231014251709,0.670398300148875,1.50641236147689,-2.45979056361945,3.23343958944161,-13.9211902618408,8.33517551422119,0.141365980277891,0.537795073428965,6.04564164477795,3.36459400494841,-7.23116111755371,15.1766710281372,-0.184215431367976,0.315037665564871,-1.38050144133207,2.84178005843979,-11.0019903182983,6.9292368888855,-0.09492588517051,-0.011824516025826,5.36341974686053,2.16939900041368,-2.86153316497803,12.3621120452881,-0.124981696275195,0.373072164644101,-2.32342450237695,1.86356371392919,-10.6814651489258,6.12347555160522,0.143141807431739,1.10350615893055,3.7694989854346,1.70291047600583,-1.03318309783936,8.57635593414307,-0.133893509347607,-0.267191764046175,-2.90950547629052,1.92539982657789,-9.05795478820801,4.86865329742432,0.184130247903014,0.662670555965277,2.12227763855898,1.54520113782558,-1.88921654224396,7.83637046813965,0.195769036958962,-0.109564737558148,-4.46564211106594,1.66499213725645,-8.76154327392578,0.693617641925812,0.276246708198187,-0.227374384948754
rock,81.7957233865175,27.9754740843122,-83.619026184082,155.889862060547,-0.250959601582358,0.245758299362645,15.4687940019988,5.77548413312088,-1.44660007953644,36.5616111755371,0.265276270984352,0.371573900846703,4.73470080373624,3.99158453901512,-7.76388549804688,17.4527854919434,0.257369736938169,-0.146523540711717,-5.77549571748671,3.1132216050226,-15.065634727478,2.75378775596619,-0.305333737072697,-0.05257866297456,10.6911770572045,3.21003608542451,0.588135898113251,23.178674697876,0.175567638707022,0.054379658275983,-8.23840688377654,3.35799060230285,-17.7705364227295,2.70359492301941,-0.021355184828708,-0.312191283775149,8.53576682746202,2.43813369497073,0.809611678123474,16.7435932159424,0.171251672109561,0.120409562425103,-3.60064242552594,1.93487746942047,-9.4974536895752,4.3597583770752,0.07256845003464,0.46510000851571,3.37080751624284,2.33085601980216,-2.96935105323792,9.39016342163086,0.067405580820993,-0.297699920643678,-0.665054018517126,2.53458632130518,-10.8849411010742,8.55244922637939,0.032135603232123,0.476200326091847,2.04243902942924,2.16996745086904,-5.01400232315064,7.99721145629883,-0.283459412365369,-0.109181080245602,-2.205387860968,2.23355051203396,-10.147928237915,5.03907871246338,-0.322193330999322,0.358168840819542
rock,82.304823065913,21.1423403542157,-1.83980321884155,151.627014160156,-0.656767700140737,1.15107277366546,17.8229026764631,5.26739917416843,-7.80373382568359,33.899169921875,-0.041778151575491,1.28805857053554,7.48821845014477,4.07689753804842,-4.64812469482422,18.6783676147461,0.286497318726972,-0.461299604602398,-5.77217305278362,3.35149506245253,-14.930685043335,4.11330842971802,-0.12364511188805,-0.325826995615308,9.40173656247383,3.08352819082626,2.02311587333679,21.8302001953125,0.347436941723602,-0.160200045277917,-7.95929562193017,3.1943328383904,-19.1449127197266,0.511054575443268,-0.350491320031959,-0.22826101113503,7.98742709547974,2.99510930888457,0.84200119972229,17.5150413513184,0.454664232530262,-0.278604981299164,-3.48857570006539,2.17429377260011,-9.99446201324463,2.70647740364075,0.419696923904485,-0.090572659631098,4.31091157065997,2.20822652923259,-3.73772239685059,11.264066696167,-0.139968480126506,0.377793100674966,-1.82142395366973,2.42449737709505,-7.76866245269775,6.10419654846191,0.413691890038568,-0.112231278635023,3.92007579976118,2.28152395915819,-5.96786642074585,10.4551115036011,-0.647216035565936,0.785460187887812,-2.23860661286298,1.70516122851765,-8.28057670593262,4.70625972747803,0.247641264238278,0.535815785469095
rock,77.7268433446108,34.9975713633324,-22.08616065979,153.939025878906,-0.352293859839291,-0.819321795810297,15.6404563981087,7.44003303081707,-6.14679050445557,39.5614280700684,0.168687513389003,0.223497243060027,5.41785225093742,4.08533122923707,-12.1695594787598,18.196439743042,0.06820563772019,0.49802517979688,-6.25094749593977,3.26807973875595,-19.018497467041,6.6721658706665,-0.709412046718568,0.687046790364503,9.72741850739302,3.43492864552588,1.46891462802887,22.0055999755859,0.218847347398858,-0.301932582288275,-7.23586958348751,3.46507426187796,-19.6733417510986,3.45605897903442,-0.304966545148312,-0.189359643144748,8.42621253035789,2.31459254017066,-1.02397727966309,16.7470684051514,0.294391941434209,0.189516978550195,-3.71697077434077,1.72352692291032,-11.6284828186035,0.660929262638092,-0.559305386464486,0.652782568950984,3.41428400080998,2.33685725949827,-4.34381675720215,9.5385103225708,-0.184642398000088,-0.44690789753921,-1.79210959283613,2.77624949483707,-10.7625198364258,6.47150564193726,-0.041867524397181,0.154910554570395,2.37848972139046,2.4893200673094,-5.6700873374939,9.31682014465332,-0.40603192470513,-0.354064386889532,-2.84123317966898,2.07366669257696,-8.32324123382568,4.96395349502564,0.588913292674889,0.325488700685805
rock,69.9539008287496,26.616840487062,-39.0050315856934,131.150924682617,-0.101016769460798,0.013554152286352,12.8326161999299,5.54111554156159,-9.5443811416626,31.6982097625732,0.028508096422719,0.867608322490793,8.66940072478813,4.11695890705914,-6.13600063323975,18.9952907562256,-0.673203107915482,0.302968190712296,-2.89537684912881,2.91263072864633,-14.4048748016357,7.33645057678223,-0.601461938140937,0.945333239947659,8.84531731258991,3.10972193876216,1.82274782657623,20.5465793609619,0.777571275173348,0.120164209348523,-6.89741104070184,3.22518902470791,-17.7514114379883,0.201162233948708,-0.505082994228552,-0.452474162417765,6.96582625078601,2.53205810819203,0.618377923965454,17.1785430908203,0.705679128641406,0.263097867919985,-4.36329127705201,1.5233160927982,-9.92929935455322,0.735850393772125,-0.131868216528469,0.634559325957637,3.35955814765252,1.9807135978322,-3.5764639377594,9.33397388458252,-0.789749713889921,0.859325600767692,-1.84212515766145,2.28617191369944,-7.48738574981689,6.07789039611816,0.726297502124152,0.290200095472332,3.74173407843648,2.51080255026168,-4.9887261390686,9.56071090698242,-0.69596509995145,0.289230368615181,-2.56977953914923,1.73204062663841,-7.1156644821167,5.92183685302734,0.719335947724418,0.99659481000086
rock,80.9906595479371,21.5478269775192,-52.5107345581055,137.727890014648,-0.491539617690097,1.4453779026866,11.7365420673873,6.02056335429699,-12.7966556549072,30.3514919281006,-0.507782823314693,1.62591871598363,7.30327872513786,4.09526895841618,-8.63362503051758,22.0301399230957,-0.700254390179895,0.909787572868855,-3.16355828632239,3.14018430936009,-12.7706775665283,4.64044523239136,-0.326908111159995,-0.110644336376106,10.1452083696145,3.49212543221116,3.25045800209045,22.4286003112793,0.552968764649766,-0.123445125378749,-6.30886674422853,3.47873201878818,-18.3155517578125,0.818858861923218,-0.868141889731028,0.330376475332831,7.40784914449049,2.21560726581894,1.82944929599762,17.3864822387695,0.775895496367285,0.792814630379107,-2.65182033146796,1.79471476618692,-9.9782075881958,3.16387701034546,0.02922530916089,0.296283318217885,5.22668199568265,1.81733255431602,-1.04642200469971,9.98100185394287,-0.674501170338566,0.754330537785366,-2.23183332826758,2.32608090746888,-7.40199708938599,7.30547571182251,1.15671149036313,1.33508380171338,3.82659617021176,2.1866130124206,-6.86277770996094,9.15116691589356,-1.43158753993097,2.875728839421,-2.51989929629935,1.72360832699425,-7.51596069335938,5.51981163024902,1.17116285622653,2.17993121991033
rock,97.8061501787869,18.7171382643516,-39.4288940429687,163.512832641602,-1.34096265457223,6.19461103681162,23.5678448460066,6.25587540651048,-8.72503662109375,49.0118255615234,0.352169809847069,2.05902618840668,10.0195271405484,3.43893281357962,0.67812192440033,22.4496231079102,-0.084405097524581,-0.419503904461982,-7.48897882659627,2.70405520712206,-16.6340446472168,1.13950085639954,-0.496708931349353,0.333945662535559,6.76010470395058,3.70069003160234,-1.6670880317688,19.4834518432617,0.540024758215082,-0.228532628162662,-8.56554030648747,3.44546857394482,-20.5473690032959,1.32232189178467,-0.69725232014562,0.032945133412866,8.55878269658484,2.52833685488388,1.61530137062073,18.2952613830566,0.467221494783293,-0.02207833113479,-2.86303555855569,1.60230693297493,-8.33311653137207,1.59025502204895,0.039077152918211,-0.125711287938854,4.36694254079136,1.90638549196973,-2.78929090499878,9.70426750183106,-0.191106545478962,0.137204527626393,-3.4455347417005,2.40674620406202,-8.87138938903809,7.21680068969727,0.462408606622164,0.029509124817634,3.61420228691606,1.81283958748597,-6.24681758880615,7.89675807952881,-0.944144480673851,2.30183372020178,-3.58705286195452,1.49204675515678,-7.51917409896851,2.27599620819092,0.32905830960453,0.129025852882341
rock,90.0706169716148,21.5505674515411,-37.3735160827637,130.407073974609,-1.19328207636338,2.58171146009445,21.2717757303354,6.52527128400672,-3.10874724388123,38.1435661315918,-0.201193598435313,0.003482601936515,7.02382509761685,4.32282572750032,-12.8403797149658,18.069953918457,-0.902604430233034,1.05174227474473,-7.84741187231659,3.95264244515258,-18.991641998291,1.30631911754608,-0.195473239258944,-0.508739336565383,9.40569745648739,3.88486660447539,0.72059178352356,26.9528961181641,0.54263417712418,0.221451101383677,-5.39831272482515,3.63141225109604,-22.832691192627,2.52929377555847,-0.756035473685632,0.739115770866634,8.25878064729447,2.71565106730086,1.04151260852814,17.2613162994385,0.38400872340774,-0.125969073119128,-4.17420515313658,2.04624658644568,-13.0221757888794,1.9573255777359,-0.170720832203447,0.436577123878261,3.73725404374269,2.29254262292338,-3.40071892738342,9.84877681732178,-0.23901146138361,-0.288941007655034,-4.13850351859339,2.65441485518141,-11.7119426727295,6.29135417938232,0.202931146007811,0.479372489054558,2.89068058778229,2.03239842964595,-4.2677698135376,8.4672908782959,-0.440234325265208,0.265308343907696,-4.14298499473239,1.8183945580164,-9.92520523071289,1.64448165893555,0.271230922011915,0.245593460768529
rock,72.454931008774,21.5181507694505,-40.7626762390137,156.699081420898,-0.212331546784618,0.555663490244523,17.1197973089499,6.41275942166148,-9.92893981933594,37.6210670471191,-0.600257783765289,1.77490894982267,10.3173523359566,2.91977868885497,-6.57956981658936,17.616455078125,-1.11562155972155,4.22303925269906,-3.68261724860242,2.81904244635332,-15.2349166870117,8.61793518066406,0.043920446767567,1.06103492338164,8.65923620758702,3.29808645586011,1.53242599964142,19.9263076782227,0.612370055250882,0.002633597903345,-6.1874036267139,3.30222987235786,-17.2646503448486,1.23691046237946,-0.523321535524575,-0.123458172922716,8.5264365440767,2.65579307872754,1.73474884033203,18.6576480865479,0.683864898931117,0.40696497429269,-3.50298548493287,2.03774476412131,-12.666485786438,2.71968388557434,-0.778277106863773,1.76232186254822,4.02568022065438,2.53042935328295,-5.27402353286743,9.77255821228027,-0.807006428190337,0.505384770866169,-2.07144555557696,2.54081079004134,-9.83167266845703,8.63810253143311,0.941286648193261,1.81308982288142,3.91108690950554,2.33451223313843,-8.16663455963135,10.157262802124,-1.03158812460519,2.11443370564201,-3.00375266088544,1.63300595767733,-6.98764610290527,3.5204610824585,0.702701736558059,0.738073507317963
rock,114.057008653149,10.5577247112672,-12.933180809021,151.921035766602,-2.1460570029515,23.8997011611029,20.803612745768,3.74870623074829,4.45836544036865,34.67041015625,0.242265892929537,0.653901571425927,8.74629630885644,2.59137643959182,-1.41445767879486,16.283332824707,-0.220581252106188,1.10165274779009,-5.40328866267705,2.08842079336859,-12.3900527954102,2.31263375282288,-0.291459597259713,0.141443252461471,9.27557377769343,2.85431027232925,-0.569569766521454,17.2577457427979,0.072455018725188,-0.272831325975826,-10.9797833622406,3.09453241051308,-22.8012294769287,-3.15406823158264,-0.183494727647277,-0.208903984407718,6.91343538842165,2.15735264434514,0.206156566739082,14.6231565475464,0.442779307506437,0.235486426342152,-4.3513722726108,1.48674450581695,-10.7897777557373,2.75869679450989,-0.351733268240674,1.90001411846588,3.41131370472086,1.84618790038319,-2.21193289756775,8.2030668258667,-0.079817083026568,-0.197563843490073,-1.35105304781873,1.87609137607892,-6.50961637496948,4.71429252624512,0.281677419455531,-0.224351775778171,3.21021593108377,2.09332444186046,-3.70201277732849,8.5767936706543,-0.492265167459346,-0.000274390137703,-2.59591142952881,1.40206790559569,-6.18852186203003,2.3225405216217,0.428756292797139,0.177590564646954
rock,62.0283258464818,25.68342852941,-72.1871490478516,164.661071777344,0.266936577930753,1.33778827106244,16.8561866519888,6.92167323268172,-10.0006837844849,40.8564529418945,0.483356562704857,0.757275596764149,12.1656698028849,3.97580336639888,0.590585649013519,24.9830951690674,-0.212406183397944,0.061995454544081,-1.85874170430717,2.85662519780005,-12.7356996536255,4.69863939285278,-0.923246631228327,0.680027623483292,8.54244200789664,3.19992730692697,-6.3917932510376,18.058141708374,0.489613309281892,0.451360829195017,-6.69113447577144,3.00360672932568,-17.0747947692871,4.63013219833374,-0.520518324394353,0.024667529146835,5.92701824132001,2.37280939240331,-0.124621219933033,15.6355819702148,0.513879711948765,0.381597255014571,-4.66178136264151,1.59353082036544,-9.37452507019043,-0.521462500095367,-0.270774338796514,-0.198518609658659,4.10934662274025,1.79169186645852,-1.70697772502899,9.94293022155762,-0.019636622403504,0.232769458533682,-3.36996718079815,2.12415336245643,-8.9235372543335,5.30514669418335,0.785519727071444,0.86609270861923,3.99735034769455,1.81846162930926,-3.05383324623108,9.26160430908203,-0.552290474814912,0.905875183904222,-3.22632755571379,1.46846947170237,-7.31360340118408,3.20749688148499,0.592157264558982,1.12421552405743
